"Aesa",2,11101
"Agua Dulce",2,10305
"Alameda",2,10902
"Alma Rosa II",2,11506
"Alpes I",2,11509
"Altos de Arroyo Hondo I",2,10605
"Altos de Arroyo Hondo II",2,10506
"Altos de Arroyo Hondo III",2,10605
"Altos de Cancino",2,11519
"Altos de Chavon",2,11402
"Altos de Sabana Perdida",2,11404
"Altos Del Oeste",2,10804
"Altos Del Parque",2,11302
"Amarilis III",2,11804
"Ana Virginia",2,11801
"Antillas",2,10118
"Arboleda",2,10121
"Arismar",2,11705
"Arroyo Manzano",2,10505
"Atala",2,10115
"Atlantida",2,11101
"Barrio Kennedy",2,11805
"Barrio Antillano",2,10902
"Barrio Arenoso",2,10805
"Barrio Brisa de Charles",2,11803
"Barrio Chavon",2,10801
"Barrio Enriquillo",2,11002
"Barrio Gran Poder de Dios",2,10802
"Barrio Hermanas Mirabal",2,11302
"Barrio Holguin",2,11002
"Barrio Invi",2,11101
"Barrio Josue",2,11005
"Barrio La Esperanza",2,10801
"Barrio La Fe",2,10801
"Barrio La Piña",2,10802
"Barrio La Torre",2,10801
"Barrio La Union",2,10801
"Barriolandia",2,10802
"Barrio Las Mercedes",2,10803
"Barrio Libertador",2,11005
"Barrio Norte",2,11301
"Barrio Nuevo",2,11203
"Barrio Nuevo",2,11302
"Barrio Nuevo",2,11402
"Barrio Obrero",2,10515
"Barrio Paraiso",2,11115
"Barrio Paraiso",2,11809
"Barrio Paraiso",2,10802
"Barrio Progreso",2,10805
"Batey Bienvenido",2,10902
"Batey La Balsa",2,11808
"Batey Palmarejo",2,10701
"Batey Piragua",2,11808
"Bayona",2,10903
"Bella Colina",2,10902
"Bella Vista",2,10112
"Bella Vista",2,10111
"Bello Campo",2,11509
"Borojol",2,10213
"Brisa Del Eden",2,11803
"Buenaventura II",2,11805
"Buenavista",2,10505
"Buenas Noches",2,10902
"Buenos Aires Del",2,11102
"Cabirma Del Este I",2,11513
"Cabirma Del Este II",2,11809
"Cachiman",2,10514
"Calero",2,11601
"Campechito II",2,11207
"Cancino",2,11516
"Cancino Adentro",2,11517
"Cancino I",2,11512
"Cancino II",2,11512
"Capotillo",2,10407
"Carlos Alvarez",2,11202
"Carmelita",2,10128
"Carmen Amelia",2,10509
"Carolina",2,11510
"Castellana",2,10133
"Centro de Los Heroes",2,10101
"Centro Olimpico",2,10122
"Cerros de Arroyo",2,10504
"Cerros de Arroyo Hondo III",2,10605
"Cerros de Buena Vista I",2,11206
"Cerros de Buena Vista II",2,11206
"Cerros de la Yuca",2,11402
"Cerros de Palmarejo",2,10805
"Cerros de Sabana Perdida",2,11404
"Cerros Del Ozama",2,11904
"Ceuta",2,11206
"Ciudad Agraria",2,10905
"Ciudad Codiana",2,10805
"Ciudad de Los Trabajadores",2,11802
"Ciudad Del Almirante I",2,11806
"Ciudad Del Almirante II",2,11806
"Ciudad Ganadera",2,10116
"Ciudad Moderna",2,10135
"Ciudad Nueva",2,10208
"Ciudad Universitaria",2,10105
"Colinas de Arroyo Hondo",2,10507
"Colinas de Canaan",2,11115
"Colinas Del Este",2,11517
"Colinas Del Norte",2,10701
"Colinas Del Ozama",2,11404
"Colinas Del Seminario",2,10606
"Colonia de Los Doctores",2,11203
"Constelacion",2,10601
"Corales Del Sur",2,11704
"Costa Azul",2,11117
"Costa Brava",2,10118
"Costa Caribe",2,11102
"Costa Verde",2,11117
"Cristo Rey",2,10501
"Cruz Grande",2,11207
"Cuesta Brava",2,10505
"Cuesta Hermosa",2,10507
"Cuesta Hermosa III",2,10504
"Domingo Savio",2,10304
"Dominicanos Ausentes",2,11105
"Don Bosco",2,10201
"Don Bosco",2,10202
"Don Honorio",2,10607
8,2,11003
8,2,11512
"El Abanico de Herrera",2,10904
"El Brisal",2,11510
"El Cachon",2,11515
"El Cachon de la Rubia",2,11517
"El Cacique",2,10118
"El Cafe",2,11115
"El Caliche",2,10501
"El Caliche",2,10901
"El Catorce",2,10804
"El 14",2,10804
"El Chucho",2,10803
"El Condado",2,10607
"El Eden",2,11207
"El Embajador",2,10110
"El Ensanchito",2,10411
"El Fundo",2,11204
"El Majagual",2,11401
"El Mamey",2,11201
"El Manguito",2,10108
"El Millon",2,10149
"El Milloncito",2,11402
"El Palmar",2,10904
"El Pedregal",2,11107
"El Pino",2,10508
"El Portal",2,10115
"El Rosal",2,11506
"El Tamarindo",2,11809
"El Tamarindo",2,10801
"El Torito",2,11205
"El Vergel",2,10107
"Encarnacion",2,10135
"Engombe",2,10904
"Enriquillo",2,11405
"Ens. Alma Rosa",2,11504
"Ens. Alma Rosa",2,11503
"Ens. Ivan Guzman Klan",2,10904
"Ens. Kennedy",2,10513
"Ens. La Fe",2,10514
"Ens. Paraiso",2,11005
"Ens. Altagracia",2,11114
"Ens. Cristal",2,11404
"Ens. Espaillat",2,10402
"Ensanche Independencia",2,10206
"Ens. La Paz",2,10117
"Ens. Lugo",2,10209
"Ens. Luperon",2,10401
"Ens. Luperon",2,10406
"Ens. Ozama",2,11501
"Ens. Paraiso",2,11202
"Ens. Quisqueya",2,10145
"Ens. Quisqueya",2,10146
"Esperilla",2,10107
"Esperilla",2,10108
"Estela Marina",2,10143
"Eugenio M. de Hostos",2,11802
"Evaristo Morales",2,10147
"Faro A Colon",2,11604
"Felicidad",2,11902
"Francisco Del",2,11904
"Franconia",2,11508
"Fundacion",2,10505
"Gacela",2,11102
"Galaxia",2,11004
"Gazcue",2,10205
"Gazcue",2,10205
"Guachupita",2,10302
"Gualey",2,10403
"Guaricanos",2,11301
"Hainamosa",2,11807
"Hamarap",2,11509
"Haras Nacionales",2,11201
"Hato Nuevo",2,10902
"Herrera",2,11005
"Honduras",2,10117
"Invi",2,10801
"Invi Cea",2,11807
"Invimosa",2,11807
"Invivienda",2,11802
"Isabel",2,11509
"Isabel Villas",2,10504
"Invfapol",2,11801
"Ivette",2,11506
"Jacagua",2,11302
"Jardines de Alma Rosa",2,11503
"Jardines de Genovena",2,11201
"Jardines Del Sur",2,11105
"Juan Pablo Duarte",2,11003
"Julieta Morales",2,10130
"Katanga",2,11903
"Km. 7",2,11105
"Km. 8",2,11103
"La Agustina",2,10516
"La Agustinita",2,10509
"La Aldaba",2,10508
"La Antena",2,11207
"La Barquita",2,11404
"La Caridad",2,10410
"La Ceiba",2,10607
"La Cementera",2,10516
"La Cienaga",2,10303
"La Cienaga",2,10804
"La Compuerta",2,10802
"La Concordia",2,10804
"La Cuarenta",2,10502
"La Esperanza",2,10604
"La Esperanza",2,11508
"La Fe",2,10511
"La Fe",2,10512
"La Francia",2,11602
"La Fuente",2,10302
"La Isabela",2,10503
"La Isabela",2,10701
"La Javilla",2,11207
"La Julia",2,11207
"La Meseta",2,10505
"La Milagrosa",2,11901
"La Mina",2,11402
"La Piita",2,10802
"La Placeta",2,11117
"La Primavera",2,10207
"La Puya",2,10507
"La Redencion",2,10701
"La Rosa",2,11004
"La Venta",2,10902
"La Yuca",2,10120
"La Yuca",2,10120
"La Zurza",2,10408
"Lanina Gautier",2,10516
"Las Acacias",2,11104
"Las Americas",2,11606
"Las Caobas",2,10905
";as Capbotas",2,10905
"Las Colinas",2,10608
"Las Crorias",2,10805
"Las Enfermeras",2,11906
"Las Flores",2,10502
"Las Frutas",2,11904
"Las Palmas",2,11003
"Las Palmas",2,11511
"Las Palmeras",2,11302
"Las Villas",2,10603
"Lebron",2,10801
"Libertad",2,11403
"Lomas de Arroyo Hondo",2,10507
"Lope de Vega",2,10125
"Los 3 Brazos",2,11905
"Los Alcarrizos",2,10801
"Los Alcarrizos",2,10802
"Los Americanos",2,10802
"Los Angeles",2,10702
"Los Arrecifes",2,10118
"Los Arroyos",2,10507
"Los Cacicazgos",2,11108
"Los Caminos",2,10510
"Los Casabes",2,11302
"Los Conucos",2,11204
"Los Coordinadores",2,11405
"Los Frailes",2,11705
"Los Frailes II",2,11706
"Los Girasoles",2,10702
"Los Guandules",2,10304
"Los Guayabos",2,10607
"Los Jardines Del Norte",2,10602
"Los Libertadores",2,10802
"Los Maestros",2,11110
"Los Millones",2,10139
"Los Millones",2,10140
"Los Millones",2,10141
"Los Millones",2,10142
"Los Millones",2,10144
"Los Mina Norte",2,11903
"Los Mina Sur",2,11901
"Los Mina Viejo",2,11906
"Los Molinos",2,11603
"Los Molinos",2,11801
"Los Palmares",2,11403
"Los Peralejos",2,10702
"Los Pinos",2,10508
"Los Pinos",2,10608
"Los Pinos",2,11807
"Los Praditos",2,10130
"Los Prados",2,10131
"Los Prados",2,10132
"Los Proceres",2,10601
"Los Restauradores",2,10137
"Los Restauradores",2,11805
"Los Rios",2,10604
"Los Robles",2,10106
"Los Rosales",2,11809
"Los Tres Ojos",2,11605
"Los Trinitarios",2,11512
"Los Trinitarios II",2,11801
"Loteria",2,11405
"Loteria",2,11508
"Loteria",2,11106
"Lotes Y Servicios",2,11401
"Lotificacion Del Este",2,11707
"Lotificacion Engombe",2,10904
"Lotificacion Vista Verde",2,10701
"Lucerna",2,11516
"Luz Consuelo",2,11107
"Luz Divina",2,11004
"Mandinga",2,11512
"Manganagua",2,10138
"Manoguayabo",2,10902
"Manresa",2,11117
"Manzano",2,10505
"Maquiteria",2,11604
"Mar Azul",2,11104
"Maraon",2,11201
"Maraon II",2,11202
"Marbella III",2,11705
"Maria Auxiliadora",2,10302
"Maria Auxiliadora",2,10305
"Maria Isabela",2,11203
"Mata Hambre",2,10102
"Mata Los Indios",2,11202
"Mejoramiento Social",2,10301
"Mejoramiento Social",2,10306
"Mendoza",2,11510
"Mi Hogar",2,11510
"Mi Sueo",2,11509
"Mil Flores",2,11905
"Mirador",2,11102
"Mirador Este",2,11708
"Mirador Norte",2,10114
"Mirador Sur",2,11109
"Miraflores",2,10203
"Miramar",2,11103
"Modelo",2,11301
"Molinuevo",2,11502
"Naco",2,10124
"Naco",2,10122
"Naco",2,10123
"Naco",2,10119
"Narcisa",2,11512
"Nordesa III",2,11103
"Nueva Isabela",2,11301
"Nuevo Amanecer",2,11804
"Nuevo Amanecer",2,10805
"Nuevo Horizonte",2,10805
"Nuevo Renacer",2,11807
"Obras Publicas",2,10801
"Palma Real",2,10702
"Palmarejito",2,10805
"Pantoja",2,10701
"Paraiso",2,10126
"Paraiso Del Caribe",2,10903
"Paraiso Oriental",2,11508
"Parque Del Este I",2,11603
"Parque Ind. Nueva Isabela",2,11807
"Parque Isabela",2,10503
"Parque Mirador Este",2,11604
"Piantini",2,10127
"Piantini",2,10148
"Piantini",2,10150
"Pidoca",2,11901
"Pista de Motocros La Yuca",2,10505
"Ponce",2,11302
"Pradera Hermosa",2,10608
"Prados Del Cachon",2,11515
"Progreso",2,11403
"Proyecto Bnv",2,11302
"Proyecto Ciudad",2,11301
"Pueblo Nuevo",2,10805
"Pueblo Nuevo",2,11601
"Puerto de Haina",2,11117
"Puerto Rico",2,11904
"Puerto Rico",2,10805
"Radiante",2,11207
"Ralma",2,11507
"Renacimiento",2,11111
"Renacimiento",2,11112
"Rep. Alma Rosa",2,11511
"Rep. Villa Carmen",2,11802
"Rep. Villa Maria",2,11201
"Reparto Aguedita",2,10218
"Reparto Caribe",2,11706
"Reparto Miguelina",2,10702
"Reparto Rudima",2,11207
"Reparto Samaria",2,10702
"Res. Amapola",2,11518
"Res. Clarimar",2,11803
"Res. Del Este",2,11510
"Res. Don Oscar",2,11517
"Res. El Dorado",2,11202
"Res. Fernandez Oriental",2,11804
"Res. Idalia A 1",2,11514
"Res. Lomisa",2,11513
"Res. Mirador Del Este",2,11804
"Res. Noelia",2,11402
"Res. Oriente",2,11509
"Res. Parque Del Este",2,11604
"Res. Santo Domingo",2,11114
"Res. Sol de Luz",2,11205
"Res. Teresa",2,11704
"Res. Enriquillo",2,11106
"Res. Alameda",2,10902
"Res. Almendra",2,10902
"Res. Canaan",2,11116
"Res. Don Oscar",2,11809
"Res. Jose Contreras",2,11102
"Res. La Yuca",2,10606
"Res. Loyola",2,10904
"Res. Rosmil",2,10136
"Rivera Del Haina",2,10903
"Rocamar",2,10115
"Rosa Maria",2,10904
"Rosario Sanchez",2,11904
"Sabana Centro",2,11404
"Sabana Perdida",2,11404
"Sabaneta",2,11808
"Salome Urea",2,11405
"San Antonio",2,11902
"San Bartolo",2,11706
"San Carlos",2,10216
"San Carlos",2,10217
"San Francisco",2,11004
"San Geronimo",2,10104
"San Geronimo",2,10134
"San Jose",2,11105
"San Jose de Mendoza",2,11803
"San Lazaro",2,10211
"San Martin de Porres",2,10302
"San Miguel",2,10212
"San Miguel",2,10902
"San Miguel",2,11106
"San Pablo II",2,11518
"Sans Souci",2,11603
"Sandra",2,11107
"Sandra I",2,11107
"Santa Cruz",2,11205
"Santa Rosa",2,10502
"Sarasota",2,10113
"Savica",2,10803
"Savica",2,11507
"Simon Bolivar",2,10405
"Simonico",2,11602
"Sol Naciente",2,11509
"Suriel",2,11204
"Trabajadores",2,11802
"Tropical Del Este",2,11704
"Tropicana",2,11105
"Trueva",2,10501
"Urb. Amanda",2,11508
"Urb. Ana T. Balaguer",2,11807
"Urb. Brisa Del Norte",2,10702
"Urb. Charles de Gaulle",2,11403
"Urb. El Remanso",2,11202
"Urb. El Rosal",2,11004
"Urb. Italia",2,11506
"Urb. Las Palmas",2,10901
"Urb. Las Praderas",2,10135
"Urb. Maximo Gomez",2,11205
"Urb. Olimpo",2,10901
"Urb. Primavera",2,11203
"Urb. Puerta de Hierro",2,10505
"Urb. Real",2,11112
"Urb. San Rafael",2,10805
"Urb. Santa Cruz",2,11204
"Urb. Sarah Gabriela",2,11201
"Urb. Fernandez",2,10129
"Urb. Las Mercedes",2,10803
"Urb. Palma Real",2,10702
"Valle Encantado",2,10802
"Valle Verde",2,11201
"Varia",2,10803
"Vecinos Unidos",2,11508
"Viejo Arroyo Hondo",2,10510
"Vietnam",2,11902
"Villa Adela",2,11707
"Villa Aura",2,10901
"Villa Blanca",2,11405
"Villa Carmela",2,11201
"Villa Carmen",2,11802
"Villa Claudina",2,10607
"Villa Consuelo",2,10308
"Villa Consuelo",2,10309
"Villa Duarte",2,11602
"Villa Elena",2,10608
"Villa Eloisa",2,11707
"Villa Esfuerzo",2,11805
"Villa Esperanza",2,11402
"Villa Faro",2,11505
"Villa Francisca",2,10214
"Villa Francisca",2,10215
"Villa Juana",2,10412
"Villa Juana",2,10413
"Villa Maria",2,10307
"Villa Marina",2,10608
"Villa Mella",2,11201
"Villa Nazaret",2,10903
"Villa Nueva",2,11201
"Villa Olimpica",2,11606
"Villa Peravia",2,10902
"Villa San Felipe",2,10802
"Villa Satelite",2,11201
"Villas Agricolas",2,10409
"Villas Agricolas",2,10410
"Villas Del Cafe",2,11116
"Villas Naco",2,10804
"Vista Bella",2,11201
"Vista Hermosa",2,11517
"Yaquito",2,10502
"Zona Colonial",2,10210
"Zona Franca de Los Alcarrizos",2,10802
"Zona Franca Industrial de Herrera",2,11806
"Zona Industrial de Villa Mella",2,11206
"Zona Industrial de Herrera",2,11113
"Zona Industrial de Herrera",2,11001
"Zona Industrial de la Isabela",2,11205
"Zona Universitaria",2,10103
"12 de Haina",2,11116
"16 de Agosto",2,11101
"2 de Enero",2,11404
"24 de Abril",2,10404
"24 de Abril",2,10803
"27 de Febrero",2,10305
"30 de Mayo",2,10116
"Distrito Nacional",1,10100
"Santo Domingo Norte",2,11200
"Santo Domingo Este",2,11500
"Santo Domingo Oeste",2,10700
"Boca Del Soco",3,21001
"Guayacanes",3,21002
"La Punta",3,21003
"Juan Dolio",3,21004
"San Jose de Los Llanos",3,21100
"Cayacoa",3,21101
"El Guayabal",3,21102
"Los Jibaros",3,21103
"Los Montones",3,21104
"San Geronimo",3,21105
"Ajagual",3,21201
"Los Lorenes",3,21202
"Magarin",3,21203
"Alejandro Bass",3,21301
"Las Callas",3,21302
"Pajarito",3,21401
"Los Montones",3,21402
"Zorra Buena",3,21403
"Caonabo",3,21404
"Malulani",3,21405
"Gautier Dm",3,21406
"Aleton",4,22001
"Guaymate",4,22002
"Isla Saona",4,22003
"Altos de Chavon",4,22004
"Sabana",4,22101
"10 de Cumayasa Dm",4,22201
"Bejucal",5,23001
"Santana",5,23002
"El Salado",5,23003
"Jima Jaragua",5,23004
"Los Rios",5,23005
"Mata Chalupa",5,23006
"Bayahibe Dm",5,23101
"Boca de Yuma",5,23102
"Gato",5,23103
"La Piita",5,23104
"Boca de Yuma Dm",5,23105
"Caada Honda",5,23201
"El Barrero",5,23202
"Las Guamas",5,23203
"Otra Banda Dm",5,23204
"El Bonao",5,23205
"Duyey",5,23206
"Cruz Del Isleo",5,23207
"Bavaro",5,23301
"Punta Cana",5,23302
"Arroyo Grande",6,24001
"Campia",6,24002
"Candelaria",6,24003
"Las Cuchillas",6,24004
"El Cuey",6,24005
"Magarin",6,24006
"Mata de Palma",6,24007
"San Francisco Dm",6,24008
"Santa Lucia Dm",6,24009
"Vicentillo",6,24010
"Anama",6,24011
"NO DISPONIBLE",6,24012
"El Jovero",6,24101
"El Morro",6,24102
"Las Lilas",6,24103
"Isabelita",6,24104
"Pedro Sanchez Dm",6,24105
"Don Lpez",7,25001
"Guayabo Dulce Dm",7,25002
"Manchado",7,25003
"Mata Palacio Dm",7,25004
"El Centro",7,25101
"Arenita",7,25201
"Rincn Fogn",7,25202
"San Rafael",7,25203
"Elupina Cordero",7,25204
"Magua",7,25105
"Yerba Buena Dm",7,25106
"Las Claras",7,25107
"El Mamn",7,25108
"Los Hatillos Dm",7,25109
"Elupina Cordero de las Caitas Dm",7,25110
"La Pia de Joya Dm",7,25111
"Colon",8,31001
"La Cruz de Cenovi Dm",8,31002
"Guiza",8,31003
"Jaya",8,31004
"Los Bejucos",8,31005
"Las Guazumas",8,31006
"La Malena",8,31007
"El Aguacate Dm",8,31101
"Las Coles Dm",8,31102
"Las Carreras",8,31103
"La Jagua",8,31104
"Agua Santa Del Yuna Dm",8,31105
"Barranquito Dm",8,31106
"Cristo Rey de Guaraguao Dm",8,31107
"Barraquito",8,31108
"Guaraguao",8,31109
"Los Peynado",8,31110
"Los Aguayos Dm",8,31111
"Gina Clara",8,31201
"Juan Diaz",8,31202
"Los Cachones",8,31203
"Los Llanos",8,31204
"Rincon Hondo",8,31205
"Las Taranas Dm",8,31206
"Yaiba Abajo",8,31207
"Acicate",8,31301
"Cerrejon",8,31302
"Sabana Grande Dm",8,31303
"Buena Vista",8,31401
"Caobete",8,31402
"Cuaba Abajo",8,31403
"San Felipe Arriba",8,31404
"Ceiba de Los Pajaros",8,31501
"Chiringo",8,31502
"Las Taranas",8,31503
"Yeiba",8,31504
"La Enea",8,31601
"El Hato",8,31602
"Rincon de Los Genaos",8,31603
"Los Riveras",8,31604
"Callejon de Tilo",8,31701
"Paraguay",8,31702
"La Reforma",8,31703
"La Bajada",8,31801
"Majagual",8,31802
"Dichoso",8,31803
"Laguna de Coto",8,31804
"La Mesa",8,31805
"Patao",8,31806
"La Pea",8,31807
"Ponton",8,31808
"Ramonal",8,31809
"Acosta",9,32001
"Arroyo Barril Dm",9,32002
"Las Garelas Dm",9,32003
"Los Cacaos",9,32004
"Honduras",9,32005
"Juana Vicenta",9,32006
"El Limon Dm",9,32007
"Las Pacualas",9,32008
"La Majagua",9,32101
"Las Garitas",9,32102
"Agua Santa Dal Yuma",9,32103
"Majagual",9,32104
"El Jaimito",9,32201
"El Coson",9,32202
"La Barbacoa",9,32203
"El Naranjo",9,32204
"Las Carcobas",10,33001
"El Guayabo",10,33002
"Las Gordas",10,33003
"Abreu",10,33101
"Arroyo Salado",10,33102
"La Entrada",10,33103
"La Jaguita",10,33104
"El Pozo",10,33201
"El Papagayo",10,33202
"Los Pajones",10,33203
"El Telanza",10,33204
"Los Indios",10,33205
"San Jos de Maranza",10,33206
"Payita",10,33207
"Caja de Jobo",10,33301
"Cruce Del Rincon",10,33302
"Los Yayales",10,33303
"La Entrada",10,33304
"Arroyo Salado",10,33305
"La Gorda",10,33306
"Arroyo Al Medio",10,33307
"Jamao Adentro",11,34001
"Jamao Afuera",11,34002
"Loa Cacaos",11,34003
"Palmarito",11,34004
"Boba Arriba",11,34101
"Canete",11,34102
"La Gran Parada",11,34103
"Paso Hondo",11,34104
"El Placer",11,34105
"La Ceiba",11,34201
"Los Limones",11,34202
"San Jose",11,34203
"Santa Ana",11,34204
"Blanco Arriba",11,34301
"Bacui",12,41001
"Bayacanes",12,41002
"Burende",12,41003
"Cabirmota",12,41004
"El Cafe",12,41005
"El Mamey",12,41006
"Guarey",12,41007
"El Jamo",12,41008
"La Peda",12,41009
"Las Cabuyas",12,41010
"Las Canas",12,41011
"Licey",12,41012
"Ponton",12,41013
"Sabaneta",12,41014
"Tavera Abajo",12,41015
"Maldonado",12,41101
"Palero",12,41102
"Tireo Dm",12,41103
5,12,41104
"Arroyo Frio",12,41105
"La Descubierta",12,41106
"Las Palomas",12,41107
"El Rio",12,41108
"Tireo Abajo",12,41109
"Tireo Arriba",12,41110
"La Sabina Dm",12,41111
"Buena Vista Dm",12,41201
"Hato Viejo",12,41202
"Corocito",12,41203
"Estancia",12,41204
"Hatillo",12,41205
"Junumucu",12,41205
"Los Corozos",12,41206
"Manabao",12,41207
"Los Dajaos",12,41208
"La Cienega",12,41209
"Paso Bajito",12,41210
"Pedregal",12,41211
"Piedra Blanca",12,41212
"Pina Quemado",12,41213
"Los Forosos",12,41214
"Cabirma",12,41215
"Rio Verde Arriba Dm",12,41216
"Arroyo Hondo Arriba",12,41217
"El Mirador",12,41218
"El Naranjal",12,41219
"Pueblo Viejo",12,41220
"Rio Vrede Abajo",12,41221
"Rio Vrede Arriba",12,41222
"La Frontera",12,41301
"Jima Arriba",12,41302
"San Bartolo",12,41303
"Rincon Dm",12,41304
"La Curbita",12,41305
"Junumucu",12,41306
"Arroyo Toro Dm",13,42001
"Barrio Prosperidad",13,42001
"La Salvia",13,42001
"Urb. Falcombridge",13,42001
"Urb. Jacaranda",13,42001
"Urb. La Salvia",13,42001
"Bejucal",13,42002
"Barrio La Privada",13,42002
"Barrio Los Olimpicos",13,42002
"Barrio Los Transformadores",13,42002
"Barrio San Jose",13,42002
"Barrio Santa Rosa",13,42002
"Ensanche Libertad",13,42002
"Mejoramiento Social",13,42002
"Reparto Quisqueya",13,42002
"Reparto Yuna",13,42002
"Zona Franca de Bonao",13,42002
"Blanco",13,42003
"La Villa",13,42003
"Las Delicias",13,42003
"Urb. Miriam",13,42003
"Urb. San Pablo",13,42003
"El Verde",13,42004
"Jayaco Dm",13,42005
"Juma Bejucal Dm",13,42006
"La Salvia",13,42007
"Masipedro",13,42008
"Sabana Del Puerto Dm",13,42009
"Hato Viejo",13,42101
"Los Martinez",13,42102
"Arroyo Vuelta",13,42201
"El 77",13,42202
"Juan Adrian Dm",13,42203
"Rincon de Yuboa",13,42204
"Villa Sonador Dm",13,42205
"Caballero Abajo",13,43001
"Chacuel Maldonado",13,43002
"Hatillo",13,43003
"Las Lagunas",13,43004
"Los Cerros",13,43005
"Platanal",13,43006
"Sabana Grande Abajo",13,43007
"Zambra Abajo",13,43008
"Abadesa",13,43101
"Batero",13,43102
"Sierra Prieta",13,43201
"Angelina Dm",13,43202
"La Cueva Dm",13,43301
"Sabana Grande",13,43302
"Angelina",13,43401
"La Vija Dm",13,43402
"La Cana",13,43403
"Las Corozas",13,43404
"Hernando Alonzo",13,43405
"Platanal Dm",13,43406
"Quita Sueo Dm",13,43407
"Aguacate de Jacagua",15,51001
"Canabacoa",15,51002
"El Ingenio Abajo",15,51003
"El Papayo",15,51004
"El Ranchito",15,51005
"Estancia Nueva",15,51006
"Gurabo Abajo",15,51007
"Jagaua",15,51008
"La Bucara",15,51009
"La Cienaga",15,51010
"La Herradura",15,51011
"La Javilla",15,51012
"Las Charcas",15,51013
"Matanza",15,51014
"Monte Adentro Abajo",15,51015
"Palo Marrillo",15,51016
"Palo Quemado",15,51017
"Pontezuela Al Medio",15,51018
"Pual",15,51019
"San Francisco de Jacagua Dm",15,51020
"Cuesta Abajo",15,51101
"Eugenio Perdomo",15,51102
"Guama",15,51103
"Inoa",15,51104
"Mata Grande",15,51105
"Los Montones Abajo",15,51106
"Pedregal",15,51107
"Las Piedras",15,51108
"Las Plasetas Dm",15,51109
"Yerba Buena",15,51110
"Arroyo Hondo",15,51121
"Cagueyes",15,51201
"Ceb",15,51202
"Dicayagua Abajo",15,51203
"La Guama",15,51204
"Jagua Abajo",15,51205
"Loma Del Corral",15,51206
"Mesetas",15,51207
"Pinalito",15,51208
"Yaque Abajo",15,51209
"Sabana Iglesia Dm",15,51210
"El Caimito Dm",15,51211
"Baitoa Dm",15,51212
"Caada Bonita",15,51301
"Estancia Del Yaque",15,51302
"La Lomota",15,51303
"La Villa Nueva",15,51304
"Mejia de Navarrete",15,51305
"Pontoncito",15,51306
"Vuelta Larga",15,51307
"La Cruz de Maria Francisca",15,51401
"Licey Arriba",15,51402
"Licey Abajo",15,51403
"Las Palomas",15,51404
"La Cruz de Izalguez",15,51405
"Boca de Maizal",15,51501
"Canca La Piedra",15,51502
"Carlos Diaz",15,51503
"Guazumal Arriba",15,51504
"Las Bocas de Licey",15,51505
"Licey Al Medio",15,51506
"Pontezuela",15,51507
"El Limon Dm",15,51601
"Las Lavas",15,51602
"Macoris Del Limon",15,51603
"Palmar Abajo Dm",15,51604
"Quinigua",15,51605
"Las Auyamas",15,51701
"Sabana Iglesia",15,51801
"Los Ranchos",15,51802
"Las Zanjas",15,51803
"Baitoa",15,51901
"Lopez",15,51902
"San Jos Adentro",15,51903
"San Jos Afuera",15,51904
"Hatillo San Lorenzo",15,51101
"Hato Del Yaque Dm",15,51102
"Sabana Grande de Batey",15,51103
"NO DISPONIBLE",15,51110
"Caafistol",15,51104
"Celestina",15,51105
"Corocito",15,51106
"Diferencia",15,51107
"Jicome",15,51108
"Magua",15,51109
"Manacla",15,51110
"Mata Del Dajao",15,51111
"Naranjo Bajon",15,51112
"El Rubio Dm",15,51113
"NO DISPONIBLE",15,51120
"Franco Bid",15,51121
"Janey",15,51122
"Juncalito Abajo",15,51123
"Rincón Largo",15,51124
"Rincon Llano",15,51125
"Canca Reina",16,56001
"El Aguacate",16,56002
"El Agarrobo",16,56003
"El Higuero",16,56004
"Luan Lpez Abajo",16,56005
"Las Lagunas Abajo",16,56006
"Llenas",16,56007
"Monte de la Jagua",16,56008
"Paso de Moca",16,56009
"San Luis",16,56010
"Zafarraya",16,56011
"La Guama de Guananao",16,56101
"Hato Viejo",16,56102
"Bejuco Blanco",16,56201
"El Jobo",16,56202
"Magante",16,56203
"Ojo de Agua",16,56204
"Veragua Abajo",16,56205
"Camarones",16,56301
"Palma Herrera",16,56302
"Rancho de Los Platanos",16,56303
"Jamao Al Norte",16,56401
"Jamao Al Sur",16,56402
"Los Brazos",16,56403
"San Victor Abajo",16,56501
"Los Amaceyes Arriba",16,56502
"Puesto Grande",16,56503
"La Ceiba de Madera",16,56504
"El Higuero",16,56601
"Jagua Clara",16,56602
"La Piragua",16,56603
"El Copey",17,57001
"Los Mameyes",17,57002
"Maimn",17,57003
"Sabana Grande",17,57004
"Tubagua",17,57005
"Yasica Abajo",17,57006
"El Toro",17,57007
"Escalera",17,57101
"Higuero",17,57102
"Los Llanos",17,57103
"Palmar Grande",17,57104
"El Mamey",17,57105
"Pescado Bono",17,57106
"Caada Honda",17,57107
"Fundacion",17,57201
5,17,57202
"La Cabirma",17,57203
"Hoya Grande",17,57204
"Paradero",17,57205
"Rancho Viejo",17,57206
"Cabia",17,57301
"Caonabo",17,57302
"Las Canas",17,57303
"Prez",17,57304
"Saballo",17,57305
"Marmolesjos",17,57401
"Unijica",17,57402
"Cambiaso",17,57501
"El Higo",17,57502
"El Estrecho",17,57503
"La Sabana",17,57504
"Los Bellosos",17,57505
"Ranchito de Los Vargas",17,57506
"Madre Vieja",17,57601
"Sabaneta de Cangrejo",17,57602
"Sabaneta de Ysica",17,57603
"Cabarete",17,57604
"Gualete",17,57701
"La Jaiba",17,57702
"Las Guaranas",17,57703
"Boca Nueva",17,57801
"Cangrejo",17,57802
"Caraballo",17,57803
"Los Ciruelos",17,57804
"Mozavi",17,57805
"Los Pinos",17,57901
"Rancho Manuel",17,57902
"Candelon",17,57101
"Las Isabela",17,57102
"Jaibon",18,61001
"Los Quemados",18,61002
"Guatapanal",18,61003
"Potrero",18,61004
"Hundidero",18,61005
"Damajagua",18,61101
"Loma de Damajagua",18,61102
"Loma Del Aguacate",18,61103
"Maizal",18,61104
"Peuela",18,61105
"Villa Heneken",18,61106
"Loma de Maimn",18,61107
"Guayacanes",18,61201
"La Caya",18,61202
"Ranchete",18,61203
"Jaibon",18,61204
"Amina",18,61301
"Entrada de Mao",18,61302
"El Rincon",19,62001
"Las Aguas",19,62002
"Las Peas",19,62003
"El Duro",19,62004
"Baitoal",19,62005
"El Ahogado",19,62101
"Lomas de Castauela",19,62102
"Castauelas",19,62103
"La Magadalena",19,62104
"El Vigiador",19,62105
"Cana Chapeton",19,62201
"Cerro Gordo",19,62202
"Juan Gmez",19,62203
"Martin Garcia",19,62204
"Sabana Cruz",19,62205
"Los Almaceyes",19,62301
"La Horca",19,62302
"Santa Cruz",19,62303
"Carbonera",19,62401
"Copey",19,62402
"Botoncillo",19,62501
"Los Conucos",19,62502
"Villa Garcias",19,62503
"El Copey",19,62601
"Guajaca",19,62602
"Hato Del Medio Arriba",19,62603
"El Papallo",19,62604
"Hatillo Palma Adentro",19,62701
"Los Derramadores",19,62702
"Doa Antonia",19,62703
"Caongo Dm",20,63001
"Cayuco",20,63002
"Sabana Larga",20,63003
"Clavelina",20,63004
"El Aguacate",20,63101
"Capotillo Dm",20,63102
"El Cajil",20,63103
"La Ceyba",20,63104
"Hipolito Billini",20,63105
"Monte Grande",20,63106
"Santiago de la Cruz",20,63107
"Partido Arriba",20,63201
"Baca Gorda",20,63202
"La Gorra",20,63203
"Chacuey",20,63204
"Cruz de Cabrera",20,63301
"El Carrizal",20,63302
"La Pocilga",20,63303
"Los Cerezos",20,63304
"Manuel Bueno Dm",20,63401
"El Rodeo",20,63402
"Arroyo Blanco",21,64001
"La Caobas",21,64002
"Los Cercadillos",21,64003
"Clavijo",21,64004
"Coqui",21,64005
"Estancia Vieja",21,64006
"Mata de Jobo",21,64007
"Palmarejo",21,64008
"San Jose",21,64009
"Toma",21,64010
"La Ceiba de Boneti",21,64101
"El Dajao",21,64102
"El Fundo",21,64103
"Ginita",21,64104
"Inaje",21,64105
"La Lona",21,64106
"El Mamoncito",21,64201
"Gurado",21,64202
"La Cacique",21,64203
"El Rodeo",21,64204
"Barreras Dm",22,71001
"Clavellinas Dm",22,71002
5,22,71003
"Las Lomas Dm",22,71004
"Los Jobillos Dm",22,71005
"Puerto Viejo",22,71006
"Emma Balaguer Vda.b.",22,71007
"Las Barias Dm",22,71008
"La Estancia Dm",22,71009
"Los Ganaderos Dm",22,71010
"Tabara Abajo Dm",22,71011
"Barro Arriba Dm",22,71101
"El Naranjito",22,71102
"Caada Cimarrona",22,71201
"Hatillo de Azua Dm",22,71202
"Palmar de Ocoa Dm",22,71203
"Hato Nuevo",22,71301
"Magueyal",22,71302
"Oregano Grande",22,71303
"Viajama",22,71304
"Arroyo Cano Dm",22,71305
"Las Lagunas Dm",22,71306
"Las Caitas",22,71401
"La Siembra Dm",22,71402
"Monte Bonito",22,71403
"Villarpando Dm",22,71404
"El Carrizal",22,71501
"El Majagual",22,71502
"Puerto Viejo Dm",22,71503
"Proyecto 2-C",22,71601
"Proyecto 4 Dm",22,71602
"Proyecto D-1",22,71603
"Tabara Abajo",22,71604
"Amiama Gmez Dm",22,71701
"Las Guanabanos",22,71702
"Los Toros Dm",22,71703
"Sajanoa",22,71704
"El Memiso",22,71801
"Rancho Del Pino",22,71802
"La China",22,71803
"Arroyo Colorado",22,71804
"El Limon",22,71805
"El Cruce de Estebania",22,71806
"El 8",22,71807
"Rio Grande",22,71808
"Los Quemados",22,71809
"Sabana de Miguel Martin",22,71810
"Pueblo Viejo",22,71101
"El Rosario Dm",22,71102
"Chalona",23,72001
"Guanito Dm",23,72002
"Hato Del Padre",23,72003
"Hato Nuevo",23,72004
"La Jagua",23,72005
"Las Zanjas",23,72006
"Caafistol",23,72007
"Mogollon",23,72008
"Guazumal",23,72009
"Pueblo Nuevo",23,72010
"Rio Arriba Del Norte",23,72011
"Sabana Alta Dm",23,72012
"El Rosario Dm",23,72013
"Arroyo Cano Dm",23,72101
"Yaque Dm",23,72102
"Al Pinal",23,72201
"La Cienega",23,72202
"Derrumbadero Dm",23,72203
"Batista Dm",23,72204
"Jinova Dm",23,72301
"Sosa",23,72302
"Los Montones",23,72303
"Hato Del Padre Dm",23,72304
"Las Managuas Dm",23,72305
"Sabaneta Dm",23,72306
"La Jagua Dm",23,72307
"Carrera de Yegua Dm","New York",72402
"La Estancia",23,72403
"Yabonico",23,72404
"Matayaya Dm",23,72405
"Babor",23,72406
"Las Charcas de Maria Nova Dm",23,72407
"Mabrigida",23,72408
"Pedro Corto Dm",23,72409
"Punta Cana",23,72410
"Pozo Hondo",23,72411
"Los Ladrillos",23,72412
"Los Limones",23,72413
"Sabanecierra",23,72414
"Los Jovillos",23,72415
"Catanamatia",23,72416
"Pan de Azucar",23,72417
"Jorgillo Dm",23,72501
"Rio Arriba Del Sur",23,72502
"Guayabo Dm",24,73001
"Los Rinconcitos",24,73002
"Pedro Blanco",24,73003
"Angostura",24,73004
"Hato Viejo",24,73005
"La Jagua",24,73006
"Juan Felipe",24,73007
"Macasia",24,73008
"Las Patillas",24,73009
"El Pino",24,73010
"Pinzon",24,73011
"Potrozo",24,73012
"Puello",24,73013
"Sabana Larga Dm",24,73014
"Las Caitas",24,73101
"Higuerito",24,73102
"Sabana Cruz Dm",24,73103
"Sabana Mula",24,73104
"Guaroa",24,73105
"Guayabal",24,73106
"Los Yareles",24,73107
"Tabacal",24,73108
"Sabana Higuero Dm",24,73109
"Reboso",24,73201
"Guanito",24,73202
"Las Lagunas",24,73203
"Blanco",24,73204
"Aniceto Martnes",24,73301
"Los Guineos",24,73302
"Rancho de la Guardia",24,73303
"Ranco de Pedro",24,73304
"Las Palmas",24,73401
"El Hoyo",24,73402
"Guayacajuco",24,73403
"Nicola Joca",24,73404
"Rio Limpio Dm",24,73405
"Rio Limpio",24,73406
"La Cierrecita",24,73407
"Billiguin",24,73408
"Juan de la Cruz",24,73501
"Sabana de la Loma",24,73502
"Monte Mayor",24,73503
"Rancho de la Guardia Dm",24,73504
"Cachon",25,81001
"Las Guazaras",25,81002
"Manuel Diaz",25,81003
"Tierra Blanca",25,81101
"Caon Dm",25,81102
"Arroyo Dulce Dm",25,81201
"Buena Vista",25,81202
"Caleton",25,81203
"El Pino",25,81204
"NO DISPONIBLE",25,81301
"El Platon",25,81401
"La Zanja Arriba",25,81402
"Leonardo",25,81403
"Los Patos Dm",25,81404
"Ojeda",25,81405
"Las Auyamas",25,81501
"Los Charquitos",25,81502
"Polo",25,81503
"Fondo Negro Dm",25,81601
"Quita Coraza Dm",25,81602
"Canoa Dm",25,81603
"Bombita",25,81604
"Peon",25,81701
"Peon Arriba",25,81702
"Batey Altagracia",25,81801
"La Hoya Pescaderia Dm",25,81802
"El Arroyo",25,81901
"Bahoruco Dm",25,81902
"Guayuyal",25,81903
"Juan Esteban",25,81904
"Palo Alto Dm",25,81101
"Lemba",25,81102
"Los Saladillos",25,81103
"Apolinar Perdomo",26,82001
"El Estero",26,82002
"Los Guineos",26,82003
"El Manguito",26,82004
"Las Petacas",26,82005
"Los Roas",26,82006
"El Copey",26,82007
"El Aguacate",26,82008
"El Mamn",26,82101
"Majagual",26,82102
"El Salado",26,82103
"Las Tejas",26,82104
"El Tamarindo",26,82105
"Las Clavelinas Dm",26,82201
"Higo de la Cruz",26,82202
"Los Moquitos",26,82203
"Barranca",26,82301
"Cabeza de Toro Dm",26,82302
"El Jobo",26,82303
"Mena",26,82304
"Moncerrat Dm",26,82305
"Santana Dm",26,82305
"Uvilla Dm",26,82306
"El Palmar Dm",26,82307
"El Barro",26,82401
"Las Caitas",26,82402
"Pie de Loma",26,82403
"Mata de Naranja",26,82404
"Arroyo Blanco",27,83001
"Boca de Cachon",27,83002
"El Limon Dm",27,83003
"Tierra Nueva",27,83004
"La Colonia Mixta Dm",27,83101
"Puerto Escondido",27,83102
"Vengan A Ver Dm",27,83103
"Angel Feliz",27,83201
"Los Pinos",27,83202
"Bartolom",27,83203
"Angostura",27,83301
"Loa Bolos",27,83401
"Batey 7",27,83501
"Batey 8",27,83502
"Batey 9",27,83503
"Cabeza de Rio",27,83504
"El Maniel",27,83601
"Raiz Picada",27,83602
"Babo Rojo",28,84001
"Las Mercedes",28,84002
"Mencia",28,84003
"Jose Francisco Pea Gomez Dm",28,84004
"Los Tres Charcos",28,84101
"Colonia Villa Esperanza",28,84201
"Borbon",29,91001
"Hatillo",29,91002
"Hato Damas Dm",29,91003
"Ingenio Nuevo",29,91004
"Naranjo Arriba",29,91005
"Sainagua",29,91006
"Santa Maria",29,91007
"Medina Dm",29,91008
"La Cuchilla Dm",29,91009
"El Carril Dm",29,91101
"La Pared",29,91102
"El Ingenio",29,91201
"Los Naranjos",29,91202
"Cambita El Pueblecito Dm",29,91301
"Calderon",29,91302
"Humachon",29,91303
"La Colonia",29,91304
"Los Manantiales",29,91305
"El Tablazo",29,91306
"Boca de Nigua",29,91401
"Najayo Abajo",29,91401
"Juan Barn",29,91501
"Sabana Palenque",29,91502
"Las Gallardas",29,91601
"Najayo Al Medio",29,91602
"Mana de Yaguate",29,91603
"Catarey",29,91701
"Mana de Haina",29,91702
"Medina",29,91703
"Pino Herrado",29,91704
"San Jos Del Puerto Dm",29,91705
"El Cacique Dm",30,92001
"El Centro",30,92002
"El Dean Dm",30,92003
"Hato Arriba",30,92004
"La Lisa Dm",30,92005
"Rio Boy Dm",30,92006
"San Francisco",30,92007
"Yabacao",30,92008
"San Jose",30,92009
"Antn Snchez",30,92101
"Cojobal",30,92102
"Comatillo",30,92103
"Hidalgo",30,92104
"Trinidad",30,92105
"Cabeza de Toro",30,92201
"Juan Snchez",30,92202
"Majagual Dm",30,92203
"Payabo",30,92204
"La Gallina",30,92301
"Hato Viejo",30,92302
"Los Jobillos",30,92303
"Pantoja",30,92304
"San Antonio",30,92305
"Esperalvillo",30,92306
"Centro Penso",30,92401
"La Cuaba",30,92402
"La Guazuma",30,92403
"La Placeta",30,92404
"Los Limones",30,92501
"Batey La Tarana Larga de G",30,92502
"Los Botados",30,92601
"Camaron",30,92602
"La Cola",30,92603
"La Mayas",30,92604
"Reparadero",30,9205
"La Yautia",30,92506
"Las Auyamas",31,93001
"La Gina",31,93002
"Los Morones",31,93003
"Las Barias",31,94001
"Boca Canasta",31,94002
"Las Calderas",31,94003
"Caafistol",31,94004
"El Carreton Dm",31,94005
"Los Cateyes",31,94006
"Boca Canasta",31,94007
"Honduras",31,94008
"Iguana",31,94009
"Limonal Dm",31,94010
"El Llano",31,94011
"La Montera",31,94012
"Juan Luis",31,93004
"Arroyo Caa",31,93005
"Mahoma",31,93006
"Banilejo",31,93007
"Quita Pea",31,93008
"Quita Sueo",31,93009
"Arroyo Bonito",31,93010
"La Bocana",31,93011
"Arroyo Manteca",31,93012
"Las Avispas",31,93101
"La Marca",31,93102
"La Cumbre",31,93103
"Nizao",31,93104
"La Cienaga",31,93105
"El Rosalito",31,93106
"Naranjal",31,93107
"Derrumbao",31,93108
"Los Peas",31,93109
"El Tamarindo",31,93110
"Los Anones",31,93111
"Limn",31,93112
"Monte Arriba",31,93113
"Los Ranchitos",31,93114
"El Pinar",31,93115
"Bejucal",31,93116
"La Cienaga",31,93117
"Los Caimitos",31,93118
"Los Manaclares",31,93119
"La Horma",31,93120
"La Nuez",31,93121
"Las Auyamas",31,93122
"Arroyo Caa",31,93123
"Don Gregorio",32,94101
"Lucas Diaz",32,94102
"Santana Dm",32,94103
"Yiyos Gomez",32,94104
"Las Carreras",32,94301
"Los Ranchitos",32,94302
"Quija Quieta",32,94303
"Arroyo Hondo",32,94304
"Las Calderas",32,94305
"Las Dunas",32,94306
"Las Salinas",32,94307
"Matanza Dm",32,94308
"Villa Guerra",32,94309
"Sabana Indio",32,94310
"La Montera",32,94311
"Arroyo La Angostura",32,94312
"Galen",32,94313
"Loma Las Tablas",32,94314
"Cruce de Ocoa",32,94315
"Las Carreras",32,94316
"Honduras",32,94317
"Matadero",32,94318
"La Catalina Dm",32,94319
"La Noria",32,94320
"El Carreton Dm",32,94321
"Escondido",32,94322
"Paya Dm",32,94323
"Fundacion",32,94324
"Boca Canasta",32,94325
"El Llano",32,94326
"Villa Sombrero Dm",32,94327
"Caafistol",32,94327
"Las Tablas",32,94328
"El Buey",32,94329
"Los Cateyes",32,94330
"Loma de Valvacoa",32,94331
"Monte Llano",32,94332
"La Bejuquera",32,94333
"Valdesia",32,94334
"El Recodo",32,94335
"Iguana",32,94336
"Las Barias",32,94337
"Las Yeguas",32,94338
"Arroyo Salado",32,94339
"Roblegal",32,94340
"Sabana Larga",32,94341
"Limonal Dm",32,94342
"Pizarrete Dm",32,94343
"Santana Dm",32,94344
"El Palmarito",32,94401
"Gualey",32,94402
"Reparto Perello",15,51082
"Reparto Peralta",15,51122
"Reparto Panorama",15,51103
"Reparto Oquet",15,51102
"Reparto Montero",15,51081
"Reparto Manhattan",15,51072
"Reparto Kokette",15,51052
"Reparto Imperial",15,51033
"Reparto Hache",15,51052
"Reparto Eliseo Perez",15,51054
"Reparto Del Este",15,51052
"Reparto Consuelo",15,51061
"Quinta de Rincon Largo",15,51033
"Pueblo Nuevo",15,51083
"Pontezuela Al Medio",15,51054
"Pontezuela Abajo",15,51051
"Pontezuela",15,51052
"Pia de Oro",15,51122
"Pequin",15,51031
"Pastor",15,51122
"Parte Alta",15,51012
"Nibaje",15,51021
"Monumento",15,51011
"Monte Adentro Arriba",15,51051
"Mirador Del Yaque",15,51122
"Los Salados",15,51063
"Mejoramiento Social",15,51082
"Barrio Prosperidad",13,42001
"La Salvia",13,42001
"Urb. Falcombridge",13,42001
"Urb. Jacaranda",13,42001
"Urb. La Salvia",13,42001
"Barrio La Privada",13,42002
"Barrio Los Olimpicos",13,42002
"Barrio Los Transformadores",13,42002
"Barrio San Jose",13,42002
"Barrio Santa Rosa",13,42002
"Ensanche Libertad",13,42002
"Mejoramiento Social",13,42002
"Reparto Quisqueya",13,42002
"Reparto Yuna",13,42002
"Zona Franca de Bonao",13,42002
"La Villa",13,42003
"Las Delicias",13,42003
"Urb. Miriam",13,42003
"Urb. San Pablo",13,42003
"Barrio Felito Mena",13,42004
"Barrio Las Flores",13,42004
"Barrio Puerto Rico",13,42004
"El Centro",13,42004
"El Fundo",13,42004
"Los Platanitos",15,51082
"Los Perez",15,51054
"Los Pepines",15,51012
"Los Martires",15,51031
"Los Laureles",15,51042
"Los Jazmines",15,51121
"Los Hidalgos",15,51052
"Los Girasoles",15,51031
"Los Colegios",15,51103
"Los Ciruelitos",15,51072
"Los Carritos",15,51052
"Los Cajuiles",15,51052
"Los Alamos",15,51033
"Llanos de Gurabo",15,51054
"Limonal Arriba",15,51051
"Libertad II",15,51073
"Las Palomas Arriba",15,51042
"Las Palomas",15,51043
"Las Damas",15,51052
"Las Amopolas",15,51042
"La Zurza III",15,51013
"La Zurza II",15,51011
"La Zurza",15,51011
"La Yaguita de Pastor",15,51122
"La Trinitaria",15,51112
"La Terraza",15,51071
"La Rosaleda",15,51041
"La Rosa",15,51071
"La Rinconada",15,51041
"La Otra Banda",15,51123
"La Moraleja",15,51051
"La Lotereia",15,51031
"La Joya",15,51092
"La Herradura",15,51124
"La Espaola",15,51043
"La Cruz",15,51054
"La Colina",15,51072
"La Barranquita",15,51122
"La Arboleda",15,51032
"Jardines Metropolitano",15,51101
"Jardines Del Rey",15,51063
"Jardines Del Este",15,51043
"Ingenio Arriba",15,51074
"Hoya Del Caimito",15,51052
7,15,51032
"Gurabo Abajo",15,51061
"Franco Bid",15,51042
"Francisco Del Rosario Sanchez",15,51062
"Flor de Gurabo",15,51054
"Flamboyan",15,51041
"Esmeralda",15,51041
"Ensanche Roman",15,51091
"Ensanche Ramos",15,51073
"Ensanche Libertad",15,51073
"Ensanche La Rotonda",15,51072
"Ensanche Julia",15,51102
"Ensanche Gregorio Luperon",15,51063
"Ensanche Espaillat",15,51074
"Ensanche Bolivar",15,51082
"Ensanche Bermudez",15,51091
"Ens. Ortega",15,51022
"El Rosal",15,51043
"El Jido",15,51082
"El Ensueo",15,51021
"El Embrujo III",15,51033
"El Embrujo II",15,51033
"El Dorado II",15,51052
"El Despertar II",15,51043
"El Despertar",15,51043
"El Centro",15,51092
"El Brisol",15,51062
"El Dorado I",15,51053
"Don Pedro Arriba",15,51052
"Don Pedro",15,51052
"Cuesta Colorada",15,51073
"Cruce de Don Pedro Arriba",15,51052
"Cristo Rey",15,51031
"Corona Plaza",15,51124
"Corea",15,51031
"Copal II",15,51042
"Copal",15,51042
"Conani",15,51031
"Ciudad Satelite",15,51074
"Cerros de Gurabo III",15,51053
"Cerros de Gurabo II",15,51053
"Cerros de Gurabo I",15,51053
"Cerros de Bella Vista",15,51122
"Cerro Hermoso",15,51053
"Cerro Del Castillo",15,51112
"Cerro de Jacagua",15,51063
"Cerro Alto",15,51062
"Canabacoa",15,51091
"Canabacoa",15,51032
"Campo de Golf",15,51123
"Camboya",15,51031
"Buena Vista",15,51061
"Brisas Del Este",15,51052
"Botanico Y Zoologico Regional",15,51031
"Bo. Los Santos",15,51071
"Bo. La Gloria",15,51074
"Bo. Cadete Manolo Tavares Justo",15,51063
"Bo. Cienfuego",15,51074
"Bella Vista",15,51122
"Barrio Pedro Francisco Bono",15,51081
"Barrio Lindo",15,51032
"Barrio La Gallera",15,51041
"Barrio Hermanas Mirabal",15,51082
"Barrio Duarte",15,51073
"NO DISPONIBLE",15,51082
"Arroyo Hondo",15,51121
"Altos Del Invi",15,51072
"Altos de Virella",15,51073
"Altos de Peralta",15,51122
"Sector Sin Nombre",17,57141
"Sabana Grande",17,57031
"Reparto Oliva",17,57011
"Padre Las Casas",17,57011
"Monasterio Monte",17,57151
"Ensanche Luperon",17,57081
"Ensanche Loa Castillos",17,57081
"Ens. Miramar",17,57091
"Barrrio Loa Guandules",17,57091
"Barrio Violon",17,57011
"Barrio Loa Mameyes",17,57011
"Barrio Las Yaguitas",17,57021
"Barrio Las Mercedes",17,57121
"Barrio La Zona",17,57091
"Barrio La Viara",17,57111
"Barrio La Rigola",17,57101
"Barrio Haiti",17,57121
"Barrio Habitad",17,57151
"Barrio El Avispero",17,57011
"Barrio Eduardo Brito",17,57101
"Barrio Dubeau",17,57111
"Barrio Cuzada de Amor",17,57021
"Barrio Cristo Rey",17,57021
"Barrio Arenoso",17,57091
"Barrio Altos de Chavon",17,57161
"Bahia de Puerto Plata",17,57111
"Alto de Rafey",15,51074
"Barrio San Marcos",17,57151
"Barrio Playa Oeste",17,57111
"Barrio Padre Granjero",17,5751
"Barrio Mirador Sur",17,57021
"Aeropuerto Cibao",15,51081
"Reparto Primavera",15,51122
"Reparto Rincon Largo",15,51111
"Reparto Tavares Oeste",15,51013
"Reparto Universitario",15,51034
"Barrio Los Silos Del Norte",17,57151
"Barrio Los Rieles",17,57151
"Barrio Los Limones",17,57161
"Barrio Los Dominguez",17,57161
"Barrio Los Coquitos",17,57121
"Barrio Los Bordas",17,57011
"Barrio Loa Sufridos",17,57011
"Res. Julissa",15,51062
"Res. Vargas",15,51051
"Retiro I",15,51021
"Retiro II",15,51021
"Sabaneta de la Paloma",15,51043
"Santiago Apostol",15,51112
"Tierra Alta",15,51072
"Universidad Central Madre Y Maestra",15,51034
"Urb. Miraflor",15,51061
"Urbanisacion Fernandez",15,51031
"Urbanisacion Fernando Valerio",15,51031
"Urb. Alba Rosa",15,51042
"Urb. Bermudez",15,51101
"Urb. Brisa Del Palmar",15,51051
"Urb. Casilda",15,51053
"Urb. Eden",15,51061
"Urb. El Despertar",15,51043
"Urb. El Embrujo",15,51043
"Urb. El Paraiso",15,51061
"Urb. Fernandez Dominguez",15,51081
"Urb. Fineta",15,51051
"Urb. Henriquez",15,51081
"Urb. Jardines Del Oeste",15,51073
"Urb. Las Americas",15,51073
"Urb. Las Antillas",15,51073
"Urb. Las Palmas",15,51073
"Urb. Los Reyes",15,51062
"Urb. Mainardi Reyna",15,51053
"Urb. Miraflor",15,51062
"Urb. Monte Rico",15,51074
"Urb. Monumental",15,51042
"Urb. Noreda",15,51061
"Urb. Paraiso I",15,51061
"Urb. Sarah",15,51042
"Urb. Thomen",15,51032
"Urb. Villa Alba",15,51051
"Valle Verde",15,51121
"Valle Verde II",15,51121
"Villa Jagua",15,51022
"Villa Olga",15,51042
"Villa Progreso",15,51053
"Villas Del Norte",15,51043
"Zona Franca Industrial",15,51074
"Urb. Ginebra Arzeno",17,57171
"Urb. Arceno Urtado",17,57061
"Urb. Atlantica",17,5751
"Urb. Bayardo",17,57071
"Urb. Buenaventura",17,57041
"Urb. Costa Atlantica",17,57061
"Urb. Costabar",17,57131
"Urb. Cuesta Amarilla",17,57151
"Urb. El Cerro",17,57021
"Urb. Gregorio Luperon",17,57121
"Urb. Juan Brugal",17,57071
"Urb. La Estancia",17,57041
"Urb. Ortega Brugal",17,57161
"Urb. Reyes Caminero",17,57091
"Urb. Torre Alta",17,57041
"Urbbanizacion Reyes",17,57021
"Villa Progreso",17,57171
"Zona Franca Industrial",17,57131
"Barrio Av. Sosa",16,56071
"Barrio Batuto",16,56031
"Barrio Calaf",16,56061
"Barrio Del Resex Dabo",16,56051
"Barrio El Bolsillo",16,56071
"Barrio El Toro",16,56021
"Barrio Euripides",16,56031
"Barrio Gauchupita",16,56031
"Barrio Guaci",16,56061
"Barrio Horacio",16,56021
"Barrio Joan Lopito",16,56071
"Barrio La Esperanza",16,53071
"Barrio La Estancia",16,56061
"Barrio Los Maestros",16,56031
"Barrio Los Rieles",16,56061
"Barrio Muerto Borracho",16,56071
"Barrio Pueblo Abajo",16,56021
"Barrio Pueblo Arriba",16,56051
"Barrio Puerto Rico",16,56021
"Barrio Puerto Rico",16,56071
"Barrio Pulin",16,56051
"Barrio Quijada Quieta",16,56021
"Barrio Sal Si Puedes",16,56071
"Barrio San Jose",16,56021
"Barrio San Luis",16,56061
"Centro de la Ciudad",16,56011
"El Caimito",16,56051
"El Semillero",16,56051
"Entrada de la Soledad",16,56051
"Hincha",16,56051
"Ley Lama",16,56031
"Llenas",16,56051
"Los Caceres",16,56031
"Los Octavios",16,56101
"Los Profecionales",16,56031
"Mejoramiento Social",16,56051
"Mirador",16,56051
"Moronta",16,56031
"Recidencial Maria Del Carmen",16,56051
"Reparto Amelia",16,56051
"Res. Montreal",16,56031
"Res. Ambar",16,56051
"Res. Cabrera",16,56071
"Res. Irka",16,56021
"Urb. Del Este",16,56051
"Urb. Don Bosco",16,56041
"Urb. Grabiela",16,56051
"Urbanaizacion Lolita",16,56031
"Villa Carolina",16,56041
"Villa Del Rosario",16,56061
"Villa Delia",16,56071
"Villa Elsa",16,56051
"Villa Emely",16,56051
"Villa Estancia Nueva",16,56071
"Villa Estela",16,56041
"Villa Olga",16,56061
"Barrio Acapulco",14,43001
"Centro de la Ciudad",14,42002
"Barrio Esperanza",14,42002
"Barrio Hato",14,42002
"Barrio La Altagracia",14,42002
"Barrio La Cotorra",14,43001
"Barrio La Cruz",14,43004
"Barrio La Fortunas",14,42002
"Barrio La Yuca",14,43003
"Barrio Libertad",14,43001
"Barrio Los Algodones",14,43003
"Barrio Los Cocos",14,43001
"Barrio Los Espaoles",14,43001
"Barrio Los Mineros",14,43004
"Barrio Los Tocones",14,43003
"Barrio Los Cajuiles",14,43004
"Barrio Paraiso",14,43004
"Barrio Pueblo Nuevo",14,43004
"Barrio San Martin de Porres",14,42002
"Barrio Santa Rosa",14,43004
"Barrio Vietnam",14,42002
"Altos Del Hatico",12,41001
"Barrio La Primavera",12,41001
"Barrio Maria Auxiliadora",12,41002
"Barrio San Martin",12,41001
"Don Bosco",12,41002
"El Caminito",12,41003
"El Manguito",12,41005
"Enrriquillo",12,41005
"Guarionex",12,41002
"Juan Pablo Duarte",12,41002
"La Arboleda",12,41002
"La Arboleda II",12,41002
"La Cigua",12,41002
"Las Colinas",12,41003
"Los Barrancones",12,41002
"Los Pomos",12,41005
"Napoles",12,41001
"Palmarito",12,41005
"Pepito Garcia",12,41005
"Puerto Chiquito",12,41002
"Res. Don Zoilo",12,41005
"Res. Gamundi",12,41003
"Res. Maria Estrella II",12,41001
"Res. Prado Del Norte",12,41003
"Res. Rivera",12,41004
"Res. Santa Maria",12,41005
"Residensial El Vedado",12,41002
"San Antonio",12,41004
"Terrero",12,41002
"Urb. Ana Magalis",12,41001
"Urb. Paraiso",12,41002
"Villa Francisca I",12,41001
"Villa Francisca II",12,41001
"Villa Lora",12,41005
"Villa Margarita",12,41003
"Villa Mera",12,41004
"Villa Paraiso",12,41005
"Villa Rosa",12,41002
"Villa Turey",12,41001
"Alto de la Javiela",8,31004
"Barrio Wilmore",9,32001
"Barrio Azul",8,31001
"Barrio Cuesta Blanca",8,31006
"Barrio El Capacito",8,31007
"Barrio El Hormiguero",8,31006
"Barrio Gregorio Luperon",8,31001
"Barrio Hermanas Mirabal",8,31005
"Barrio Jobo Bonito",8,31005
"Barrio Las Colinas",8,31006
"Barrio Los Jibaritos",8,31006
"Barrio Pueblo Nuevo",8,31006
"Barrio Puerto Rico",8,31006
"Barrio Rivera Del Jaya",8,31006
"Barrio San Pedro",8,31005
"Barrio Ugamba",8,31006
"Barrio Villa Duarte",8,31006
"Bella Vista",8,31006
"El Gallinero",8,31001
"El Tejar",8,31002
"Ensanche Capotillo",8,31007
"Ensanche Duarte",8,31005
"Ensanche Madrigal",8,31005
"Ensanche Martin",8,31004
"Ensanches Getsemani",8,31001
"Ensanches William Mieses",8,31001
"Invi",8,31001
"La Guira",8,31002
"Las Flores",8,31001
"Los Weber",8,31006
"Res. El Dorado",8,31007
"Res. Los Rieles",8,31003
"Res. Neftaly",8,31002
"Santa Ana",8,31001
"Urb. Alma Salime",8,31002
"Urb. Almanzar",8,31001
"Urb. Alvarez",8,31001
"Urb. Andujar",8,31002
"Urb. Brugal",8,31002
"Urb. Campo Fernandez",8,31002
"Urb. Caonabo",8,31001
"Urb. Caonabo II",8,31001
"Urb. Caperuza",8,31002
"Urb. Caperuza II",8,31002
"Urb. El Silencio I",8,31002
"Urb. El Silencio II",8,31002
"Urb. Estancia",8,31006
"Urb. Felix",8,31003
"Urb. Fernandez",8,31006
"Urb. Francisco",8,31003
"Urb. La Fortuna",8,31002
"Urb. Las Palmas",8,31003
"Urb. Lora",8,31003
"Urb. Los Ciruelo",8,31001
"Urb. Los Maestros",8,31003
"Urb. Mirador Del Jaya",8,31002
"Urb. Pia",8,31002
"Urb. Pia III",8,31002
"Urb. Riveras Del Jaya",8,31006
"Urb. Seorita Ana",8,31007
"Urb. Toribio Piantini",8,31004
"Ventura Grullon",8,31005
"Villa Olimpica",8,31004
"Vista Del Valle",8,31001
"Barrio El Millon",9,32001
"Barrio New York",9,32001
"Barrio La Fortaleza",9,32001
"Villa Salma",9,32001
"Barrio Capitalista",10,33003
"Barrio Doralisa Ulloa",10,33001
"Barrio El Eden",10,33003
"Barrio La 500",10,33003
"Barrio Libertad",10,33003
"Barrio Prd",10,33003
"Barrio Quisqueyano",10,33003
"Barrio Roberto Fermin",10,33003
"Barrio San Jose",10,33002
"Barrio Santisima Trinidad",10,33003
"Barrio Universitaria",10,33003
"Centro de la Ciudad",10,33003
"Pueblo Nuevo",10,33001
"Alto de Piedra",11,34002
"Barrio Bietnam",11,34001
"Barrio Clavijo",11,34002
"Barrio El Chucho",11,34002
"Barrio El Hoyo",11,34001
"Barrio La Caoba",11,34001
"Barrio Las Flores",11,34001
"Barrio San Antonio",11,34001
"Barrio San Lorenzo",11,34002
"Barriolos Maestros",11,34001
"Barriolos Mangos",11,34001
"Centro de la Ciudad",11,34001
"Urb. Los Almendros",11,34001
"Barrio 24 de Abril",3,21004
"Barrio Azul",3,21004
"Barrio Blanco",3,21009
"Barrio Cerveceria",3,21006
"Barrio El 3 I/2",3,21006
"Barrio El Silencio",3,21009
"Barrio El Toconal",3,21001
"Barrio Esperanza",3,21009
"Barrio Invicea",3,21005
"Barrio Japon",3,21001
"Barrio La Filipina",3,21001
"Barrio La Puerta",3,21004
"Barrio La Punta",3,21009
"Barrio La Urea",3,21001
"Barrio Las Piedras",3,21001
"Barrio Lindo",3,21006
"Barrio Los Cajones",3,21002
"Barrio Los Cuatros Caminos",3,21005
"Barrio Los Maestros",3,21007
"Barrio Mexico",3,21008
"Barrio Miramar",3,21001
"Barrio Nuevo",3,21005
"Barrio Obrero",3,21009
"Barrio Ortiz",3,21007
"Barrio Placer Bonito",3,21009
"Barrio Plan Porvenir",3,21002
"Barrio Pueblo Nuevo",3,21001
"Barrio Restauracion",3,21007
"Barrio Sarmiento",3,21002
"Barrio Villa Providencia",3,21008
"Batey Central",3,21005
"Buenos Aires",3,21005
"Cerveceria Nacional Dominicana",3,21007
"Ensanche Vega",3,21005
"Farrio Las Flores",3,21001
"Ingenio Porvenir",3,21004
"Punta de Garza",3,21009
"Urb. Evangelina Rodriguez",3,21008
"Urb. Enrriquillo",3,21002
"Urb. Evaristo Sanchez",3,21001
"Urb. Independencia",3,21007
"Urb. Jhon F. Kennedy",3,21007
"Urb. La Roca",3,21001
"Urb. Universitaria",3,21002
"Urb. Vicini",3,21009
"Villa Magdalena",3,21005
"Villa Olimpica",3,21005
"Villa Progreso",3,21006
"Zona Franca Industrial",3,21003
"Altos Del Rio Dulce",4,22005
"Balneario El Calenton",4,22004
"Barrio Bancola",4,22006
"Barrio Invi",4,22001
"Barrio La Caleta",4,22003
"Barrio Rio Salado",4,22006
"Barrio San Carlos",4,22007
"Barrio Santa Fe",4,22006
"Barrio York",4,22007
"Central Romana",4,22003
"Deposito Central Romana",4,22002
"Ens. Almeyra",4,22007
"Ensanche Chicago",4,22001
"Ensanche La Hoz",4,22006
"Ensanche La Paz",4,22002
"Ensanche Miramar",4,22001
"Reparto Benjamin",4,22003
"Res. Melissa",4,22003
"Urb. Buena Vista Este",4,22004
"Urb. Buena Vista Norte",4,22004
"Urb. Buena Vista Sur",4,22004
"Urb. Don Juan",4,22002
"Urb. Las Piedras",4,22005
"Urb. Madrigal",4,22010
"Urb. Papagayo",4,22005
"Urb. Preconca",4,22005
"Urb. Quisqueya",4,22001
"Urb. Torres",4,22010
"Villa Pereira",4,22001
"Barrio Antonio Guzman",5,23002
"Villa Verde",4,22007
"Zona Franca Industrial I",4,22009
"Nueva Zona Franca Industrial II",4,22008
"Barrio Cambelen",5,23002
"Barrio Chino",5,23001
"Barrio El Neranjo",5,23002
"Barrio Hoyo Caliente",5,23002
"Barrio La Aviacion",5,23002
"Barrio La Florida",5,23002
"Barrio Los Coquitos",5,23002
"Barrio Los Platanitos",5,23002
"Barrio Los Sotos",5,23001
"Barrio Mama Tingo",5,23002
"Barrio Obispo",5,23002
"Barrio San Francisco",5,23002
"Barrio San Jose",5,23002
"Barrio San Martin de Porres",5,23001
"Basilica Nustra Sra. de la Alt.",5,23002
"Juan Pablo Duarte",5,23001
"Los Rosales I",5,23001
"Los Rosales II",5,23001
"Lotificacion Levanto",5,23002
"Lotificasion Don Eusebio",5,23001
"Lotificasion La Altagracia",5,23001
"Res. 21 de Enero",5,23002
"Res. Ana Amelia",5,23001
"Res. Freijo Mil",5,23001
"Urb. La Virgen",5,23002
"Urb. Luisa Perla",5,23001
"Urb. San Pedro",5,23001
"Vista Hermosa",5,23001
"Zona Franca Industrial",5,23001
"Barrio Caada Francisca",6,24001
"Barrio Capotillo",6,24002
"Barrio El Retiro",6,24002
"Barrio Jina Andiana",6,24002
"Barrio La Manicera",6,24002
"Barrio Las 500",6,24001
"Barrio Los Cajuiles",6,24001
"Barrio Los Hoyos",6,24001
"Buenos Aires",6,24002
"Centro de la Cuidad",6,24001
"Ens. Palo Hincado",6,24002
"Mirador Sur",6,24002
"Barrio Gualey",7,25002
"Barrio Las Guazumas",7,25001
"Barrio Las Malvinas",7,25003
"Barrio Los Barriola",7,25002
"Barrio Ondina",7,25003
"Barrio Puerto Rico",7,25001
"Centro de la Ciudad",7,25002
"Villa Canto",7,25003
"Zona Franca Industrial",7,25002
"Barrio 30 de Mayo",30,92002
"Barrio La Ceja",30,92001
"Barrio La Gallera",30,92002
"Barrio Vietnam",30,92001
"Centro de la Ciudad",30,92002
"Barrio 5 de Abril",29,91005
"Barrio Arena",29,91003
"Barrio Concentracion",29,91003
"Barrio Favidrio",29,91003
"Barrio Jeringa",29,91004
"Barrio La Constitucion",29,91005
"Barrio La Coquera",29,91002
"Barrio La Pia",29,91003
"Barrio Las Flores",29,91004
"Barrio Los Nova",29,91005
"Barrio Nueva Esperanza",29,91001
"Barrio Puerto Rico",29,91005
"Barrio San Isidro",29,91001
"Canatica",29,91002
"Caada Honda",29,91002
"Centro de la Ciudad",29,91004
"Conani",29,91001
"El Cerro",29,91001
"Ens. Constitucion",29,91003
"Ens. Juan Pablo Duarte",29,91003
"Lava Pie",29,91002
"Madre Vieja Norte",29,91003
"Madre Vieja Sur",29,91003
"Pueblo Nuevo",29,91001
"San Antaonio",29,91002
"Urb. Colina Hermosa",29,91005
"Urb. Las Arecas",29,91003
"Urb. Santes",29,91003
"Villa Fundacion",29,91005
"30 de Mayo",32,94001
"Barrio Santa Ana",32,94002
"Brisas Del Guazuma",32,94004
"El Fundo",32,94005
"Las Marias",32,94002
"Los Barrancones",32,94005
"Mejoramiento Social",32,94001
"Pueblo Nuevo",32,94005
"Res. Brisas Del Canal",32,94003
"Res. Claudia",32,94002
"Res. Hermanos Serret",32,94003
"Res. Maria Del Carmen",32,94002
"Santa Cruz",32,94005
"Santa Rosa",32,94003
"Urb. Maximo Gomez",32,94003
"Villa Carmen",32,94005
"Villa David",32,94005
"Villa Majega",32,94004
"Aeropuerto Viejo",25,81006
"Alto de las Flores",22,71002
"Barrio Buenos Aires",22,71002
"Barrio El Hoyo",22,71003
"Barrio El Prado",22,71002
"Barrio El Trompo",22,71003
"Barrio La Bombita",22,71003
"Barrio La Cuchilla",22,71003
"Barrio La Frontera",22,71002
"Barrio Los Cartones",22,71001
"Barrio Pajarito",22,71002
"Barrio Simon Estridel",22,71001
"Centro de la Ciudad",22,71001
"La Colonia Espaola",22,71002
"Los Macos",22,71001
"Los Parceleros",22,71001
"Mejoramiento Social",22,71002
"Pueblo Abajo",22,71001
"Savica",22,71001
"NO DISPONIBLE",22,71003
"Barrio Cepillo",23,72004
"Barrio Guachupita",23,72001
"Barrio Gualey",23,72004
"Barrio Los Mojados",23,72001
"Barrio Quija Quieta",23,72001
"Centro de la Ciudad",23,72003
"El Baden",23,72004
"Ens. Anacaona",23,72004
"Ens. La Fe",23,72003
"Ens. Mesopotamia",23,72004
"Francisco Del Rosario Sanchesz",23,72001
"Los Grimgos",23,72002
"Los Montes de Oca",23,72004
"Urb. Manoguayabo",23,72001
"Villa Felicia",23,72002
"Villa Flores",23,72001
"Villa Ofelia",23,72002
"Barrio Rafael",31,93001
"Clavellina",31,93002
"La Vija",31,93001
"Nuestro Esfuerzo",31,93003
"Pueblo Abajo",31,93002
"Res. Los Maestros",31,93003
"San Antonio",31,93003
"San Luis",31,93002
"Centro de la Ciudad",24,73003
"Galindo",24,73001
"La Primaria",24,73002
"Alto Velo",25,81001
"Baitoita",25,81002
"Barrio Enriquillo",25,81003
"Barrio Jarro Sucio",25,81006
"Barrio Juan Pablo Duarte",25,81006
"Barrio La Playa",25,81003
"Barrio Los Block",25,81006
"Batey Central",25,81006
"Camboya",25,81008
"Centro de la Ciudad",25,81002
"El Arco",25,81005
"Invi-Cea",25,81006
"Las Flores",25,81001
"Lotificacion Blanquisales",25,81007
"Mejoramiento Social",25,81005
"Naco",25,81005
"Palmarito",25,81007
"Parte Norte de la Ciudad",25,81004
"Pueblo Nuevo",25,81001
"Savica",25,81007
"Villa Estela",25,81002
"Zona Franca de Barahona",25,81006
"30 de Mayo",25,81005
"Cachon Seco",26,82003
"El Tanque",26,82002
"El Tejal",26,82002
"Jose Alberto Caamao",26,82001
"La J",26,82003
"Barrio Calorina",18,61003
"La Botella",26,82003
"La Cuaba",26,82001
"Las Malbinas",26,82002
"Los Coquitos",26,82002
"Plaza Cacique",26,82003
"Santa Cruz",26,82003
"Te Jinca",26,82002
"Villa Paja",26,82001
"Barrio El Cerro",27,83003
"Barrio Para Militares",27,83002
"Boca Del Cachon",27,83003
"Centro de la Ciudad",27,83002
"El Invi",27,83001
"El Limon",27,83003
"La K",27,83002
"La 50",27,83001
"Solidaridad",27,83002
"Tierra Nueva",27,83003
"Viejo Jimani",27,83001
"Alcoha",28,84003
"Campo de Aviacion Nuevo",28,84018
"Campo de Aviacion Viejo",28,84017
"Centro de la Ciudad",28,84020
"El Tanque",28,84019
"Ines",28,84008
"Jose Francisco Pea Gomez",28,84011
"Las Flores",28,84014
"Las Mercedes",28,84010
"Los Altagracianos",28,84012
"Los Cayucos",28,84016
"Los Guayacanes",28,84009
"Milital",28,84002
"Miramar Nuevo",28,84007
"Miramar Viejo",28,84006
"Nicolas Feliz",28,84001
"Savica",28,84013
"Verde",28,84015
"Villa Del Mar",28,84005
"Barrio Coral Gissel",18,61001
"Barrio de Oficiales E.n",18,61002
"Barrio Desiderio Aria",18,61001
"Barrio El Hatico",18,61004
"Barrio El Tronco",18,61004
"Barrio Enriquillo",18,61004
"Barrio La Codal",18,61001
"Barrio La Cuarenta",18,61002
"Barrio La Hora de Dios",18,61003
"Barrio Las 300",18,61002
"Barrio Las Flores",18,61003
"Barrio Las Flores",18,61003
"Barrio Los Cayucos",18,61003
"Barrio Los Medicos",18,61001
"Barrio Maria Auxiliadora",18,61002
"Barrio Militar",18,61004
"Barrio Obras Publicas",18,61001
"Barrio Pericles",18,61002
"Barrio Rincon",18,61004
"Barrio San Antonio",18,61002
"Barriolos Cajuiles",18,61002
"Bello Atardeser",18,61003
"Brisa Del Norte",18,61003
"Buenos Aires",18,61003
"Caada de Piedra",18,61003
"Centro de la Ciudad",18,61003
"Cerro Marino",18,61003
"El Aserradero",18,61001
"El Batey",18,61004
"Los Laureles",18,61001
"Res. Los Querubines",18,61002
"Villa Bogaert",18,61002
"Villa Diego",18,61003
"Villa Olimpica",18,61001
"Yerba de Guinea",18,61004
"Barrio La Manicera",21,64001
"Barrio Alejandro Bueno",21,64002
"Barrio Cambelen",21,64001
"Barrio El Millon",21,64002
"Barrio El Tamarindo",21,64002
"Barrio La Joya",21,64001
"Barrio Las Espinas",21,64002
"Barrio Los Maestros",21,64002
"Barrio Mejoramiento Social",21,64001
"Barrio Simo",21,64002
"Barriolas Flores",21,64002
"Centro de la Ciudad",21,64002
"Los Tomines",21,64002
"Urb. Merien",21,64002
"Villa Polin",21,64002
"Altos de la Palomas",19,62001
"Barrio Francisco Javier",19,62002
"Barrio La Aviacion",19,62002
"Barrio Las Flores",19,62002
"Barrio Salomon Jorge",19,62001
"Barrio San Fernando",19,62002
"Barrio San Pedro",19,62002
"Bella Vista",19,62001
"Centro de la Ciudad",19,62002
"Cerros de San Pedro",19,62002
"Cristo Rey",19,62002
"Guatapanal",19,62002
"Las Colinas",19,62002
"Los Angeles",19,62001
"Los Jazmines",19,62001
"Mejoramiento Social",19,62001
"Salinas",19,62001
"Barrio La Esperanza",20,63003
"Barrio La Fe",20,63004
"Barrio Militar",20,63003
"Barrio Nuevo",20,63004
"Barrio Benito Moncion",20,63001
"Centro de la Ciudad",20,63002
"Plaza Beller",20,63003
"Mama Tingo",5,23002
"Barrio La Ceja",30,92001
"Barrio La Ceja",30,92001